{"v":"5.6.10","fr":25,"ip":0,"op":45,"w":320,"h":360,"nm":"xinnian_沟通","ddd":0,"assets":[{"id":"image_0","w":75,"h":135,"u":"images/","p":"yanhua_0.png","e":0},{"id":"image_1","w":103,"h":138,"u":"images/","p":"yanhua_1.png","e":0},{"id":"image_2","w":118,"h":146,"u":"images/","p":"yanhua_2.png","e":0},{"id":"image_3","w":102,"h":138,"u":"images/","p":"yanhua_3.png","e":0},{"id":"image_4","w":16,"h":16,"u":"images/","p":"yanhua_4.png","e":0},{"id":"image_5","w":27,"h":26,"u":"images/","p":"yanhua_5.png","e":0},{"id":"image_6","w":16,"h":17,"u":"images/","p":"yanhua_6.png","e":0},{"id":"image_7","w":240,"h":240,"u":"images/","p":"yanhua_7.png","e":0},{"id":"image_8","w":223,"h":119,"u":"images/","p":"yanhua_8.png","e":0},{"id":"image_9","w":300,"h":129,"u":"images/","p":"yanhua_9.png","e":0},{"id":"image_10","w":320,"h":360,"u":"images/","p":"yanhua_10.jpg","e":0},{"id":"comp_0","layers":[{"ddd":0,"ind":5,"ty":0,"nm":"形状 687/装置联动_烟花.psd 合成 2","cl":"psd","refId":"comp_1","sr":1,"ks":{"o":{"a":0,"k":100,"ix":11},"r":{"a":0,"k":0,"ix":10},"p":{"a":0,"k":[160,180,0],"ix":2},"a":{"a":0,"k":[160,180,0],"ix":1},"s":{"a":0,"k":[100,100,100],"ix":6}},"ao":0,"w":320,"h":360,"ip":6,"op":106,"st":6,"bm":0},{"ddd":0,"ind":6,"ty":0,"nm":"形状 687/装置联动_烟花.psd 合成 2","cl":"psd","refId":"comp_1","sr":1,"ks":{"o":{"a":0,"k":100,"ix":11},"r":{"a":0,"k":60,"ix":10},"p":{"a":0,"k":[160,180,0],"ix":2},"a":{"a":0,"k":[160,180,0],"ix":1},"s":{"a":0,"k":[100,100,100],"ix":6}},"ao":0,"w":320,"h":360,"ip":6,"op":106,"st":6,"bm":0},{"ddd":0,"ind":7,"ty":0,"nm":"形状 687/装置联动_烟花.psd 合成 2","cl":"psd","refId":"comp_1","sr":1,"ks":{"o":{"a":0,"k":100,"ix":11},"r":{"a":0,"k":120,"ix":10},"p":{"a":0,"k":[160,180,0],"ix":2},"a":{"a":0,"k":[160,180,0],"ix":1},"s":{"a":0,"k":[100,100,100],"ix":6}},"ao":0,"w":320,"h":360,"ip":6,"op":106,"st":6,"bm":0},{"ddd":0,"ind":8,"ty":0,"nm":"形状 687/装置联动_烟花.psd 合成 2","cl":"psd","refId":"comp_1","sr":1,"ks":{"o":{"a":0,"k":100,"ix":11},"r":{"a":0,"k":180,"ix":10},"p":{"a":0,"k":[160,180,0],"ix":2},"a":{"a":0,"k":[160,180,0],"ix":1},"s":{"a":0,"k":[100,100,100],"ix":6}},"ao":0,"w":320,"h":360,"ip":6,"op":106,"st":6,"bm":0},{"ddd":0,"ind":9,"ty":0,"nm":"形状 687/装置联动_烟花.psd 合成 2","cl":"psd","refId":"comp_1","sr":1,"ks":{"o":{"a":0,"k":100,"ix":11},"r":{"a":0,"k":240,"ix":10},"p":{"a":0,"k":[160,180,0],"ix":2},"a":{"a":0,"k":[160,180,0],"ix":1},"s":{"a":0,"k":[100,100,100],"ix":6}},"ao":0,"w":320,"h":360,"ip":6,"op":106,"st":6,"bm":0},{"ddd":0,"ind":10,"ty":0,"nm":"形状 687/装置联动_烟花.psd 合成 2","cl":"psd","refId":"comp_1","sr":1,"ks":{"o":{"a":0,"k":100,"ix":11},"r":{"a":0,"k":300,"ix":10},"p":{"a":0,"k":[160,180,0],"ix":2},"a":{"a":0,"k":[160,180,0],"ix":1},"s":{"a":0,"k":[100,100,100],"ix":6}},"ao":0,"w":320,"h":360,"ip":6,"op":106,"st":6,"bm":0},{"ddd":0,"ind":11,"ty":2,"nm":"组 1","refId":"image_7","sr":1,"ks":{"o":{"a":1,"k":[{"i":{"x":[0.833],"y":[0.833]},"o":{"x":[0.167],"y":[0.167]},"t":30,"s":[100],"e":[0]},{"t":40}],"ix":11},"r":{"a":0,"k":0,"ix":10},"p":{"a":0,"k":[160,180,0],"ix":2},"a":{"a":0,"k":[120,120,0],"ix":1},"s":{"a":0,"k":[100,100,100],"ix":6}},"ao":0,"ip":6,"op":40,"st":6,"bm":0},{"ddd":0,"ind":12,"ty":0,"nm":"fei_bmp","refId":"comp_2","sr":1,"ks":{"o":{"a":0,"k":30,"ix":11},"r":{"a":0,"k":0,"ix":10},"p":{"a":0,"k":[160,180,0],"ix":2},"a":{"a":0,"k":[230,230,0],"ix":1},"s":{"a":0,"k":[100,100,100],"ix":6}},"ao":0,"w":460,"h":460,"ip":6,"op":106,"st":6,"bm":0},{"ddd":0,"ind":13,"ty":0,"nm":"fei_bmp","refId":"comp_2","sr":1,"ks":{"o":{"a":0,"k":100,"ix":11},"r":{"a":0,"k":330,"ix":10},"p":{"a":0,"k":[160,180,0],"ix":2},"a":{"a":0,"k":[230,230,0],"ix":1},"s":{"a":0,"k":[100,100,100],"ix":6}},"ao":0,"w":460,"h":460,"ip":6,"op":106,"st":6,"bm":0},{"ddd":0,"ind":14,"ty":0,"nm":"fei_bmp","refId":"comp_2","sr":1,"ks":{"o":{"a":0,"k":30,"ix":11},"r":{"a":0,"k":300,"ix":10},"p":{"a":0,"k":[160,180,0],"ix":2},"a":{"a":0,"k":[230,230,0],"ix":1},"s":{"a":0,"k":[100,100,100],"ix":6}},"ao":0,"w":460,"h":460,"ip":6,"op":106,"st":6,"bm":0},{"ddd":0,"ind":15,"ty":0,"nm":"fei_bmp","refId":"comp_2","sr":1,"ks":{"o":{"a":0,"k":100,"ix":11},"r":{"a":0,"k":270,"ix":10},"p":{"a":0,"k":[160,180,0],"ix":2},"a":{"a":0,"k":[230,230,0],"ix":1},"s":{"a":0,"k":[100,100,100],"ix":6}},"ao":0,"w":460,"h":460,"ip":6,"op":106,"st":6,"bm":0},{"ddd":0,"ind":16,"ty":0,"nm":"fei_bmp","refId":"comp_2","sr":1,"ks":{"o":{"a":0,"k":30,"ix":11},"r":{"a":0,"k":240,"ix":10},"p":{"a":0,"k":[160,180,0],"ix":2},"a":{"a":0,"k":[230,230,0],"ix":1},"s":{"a":0,"k":[100,100,100],"ix":6}},"ao":0,"w":460,"h":460,"ip":6,"op":106,"st":6,"bm":0},{"ddd":0,"ind":17,"ty":0,"nm":"fei_bmp","refId":"comp_2","sr":1,"ks":{"o":{"a":0,"k":100,"ix":11},"r":{"a":0,"k":210,"ix":10},"p":{"a":0,"k":[160,180,0],"ix":2},"a":{"a":0,"k":[230,230,0],"ix":1},"s":{"a":0,"k":[100,100,100],"ix":6}},"ao":0,"w":460,"h":460,"ip":6,"op":106,"st":6,"bm":0},{"ddd":0,"ind":18,"ty":0,"nm":"fei_bmp","refId":"comp_2","sr":1,"ks":{"o":{"a":0,"k":30,"ix":11},"r":{"a":0,"k":180,"ix":10},"p":{"a":0,"k":[160,180,0],"ix":2},"a":{"a":0,"k":[230,230,0],"ix":1},"s":{"a":0,"k":[100,100,100],"ix":6}},"ao":0,"w":460,"h":460,"ip":6,"op":106,"st":6,"bm":0},{"ddd":0,"ind":19,"ty":0,"nm":"fei_bmp","refId":"comp_2","sr":1,"ks":{"o":{"a":0,"k":100,"ix":11},"r":{"a":0,"k":150,"ix":10},"p":{"a":0,"k":[160,180,0],"ix":2},"a":{"a":0,"k":[230,230,0],"ix":1},"s":{"a":0,"k":[100,100,100],"ix":6}},"ao":0,"w":460,"h":460,"ip":6,"op":106,"st":6,"bm":0},{"ddd":0,"ind":20,"ty":0,"nm":"fei_bmp","refId":"comp_2","sr":1,"ks":{"o":{"a":0,"k":30,"ix":11},"r":{"a":0,"k":120,"ix":10},"p":{"a":0,"k":[160,180,0],"ix":2},"a":{"a":0,"k":[230,230,0],"ix":1},"s":{"a":0,"k":[100,100,100],"ix":6}},"ao":0,"w":460,"h":460,"ip":6,"op":106,"st":6,"bm":0},{"ddd":0,"ind":21,"ty":0,"nm":"fei_bmp","refId":"comp_2","sr":1,"ks":{"o":{"a":0,"k":100,"ix":11},"r":{"a":0,"k":90,"ix":10},"p":{"a":0,"k":[160,180,0],"ix":2},"a":{"a":0,"k":[230,230,0],"ix":1},"s":{"a":0,"k":[100,100,100],"ix":6}},"ao":0,"w":460,"h":460,"ip":6,"op":106,"st":6,"bm":0},{"ddd":0,"ind":22,"ty":0,"nm":"fei_bmp","refId":"comp_2","sr":1,"ks":{"o":{"a":0,"k":30,"ix":11},"r":{"a":0,"k":60,"ix":10},"p":{"a":0,"k":[160,180,0],"ix":2},"a":{"a":0,"k":[230,230,0],"ix":1},"s":{"a":0,"k":[100,100,100],"ix":6}},"ao":0,"w":460,"h":460,"ip":6,"op":106,"st":6,"bm":0},{"ddd":0,"ind":23,"ty":0,"nm":"fei_bmp","refId":"comp_2","sr":1,"ks":{"o":{"a":0,"k":100,"ix":11},"r":{"a":0,"k":30,"ix":10},"p":{"a":0,"k":[160,180,0],"ix":2},"a":{"a":0,"k":[230,230,0],"ix":1},"s":{"a":0,"k":[100,100,100],"ix":6}},"ao":0,"w":460,"h":460,"ip":6,"op":106,"st":6,"bm":0},{"ddd":0,"ind":24,"ty":2,"nm":"组 9","refId":"image_8","sr":1,"ks":{"o":{"a":1,"k":[{"i":{"x":[0.58],"y":[1]},"o":{"x":[0.001],"y":[0]},"t":34,"s":[0],"e":[100]},{"t":44}],"ix":11},"r":{"a":0,"k":0,"ix":10},"p":{"a":1,"k":[{"i":{"x":0.58,"y":1},"o":{"x":0.001,"y":0},"t":34,"s":[160.5,332.5,0],"e":[160.5,282.5,0],"to":[0,-8.333,0],"ti":[0,8.333,0]},{"t":44}],"ix":2},"a":{"a":0,"k":[111.5,59.5,0],"ix":1},"s":{"a":0,"k":[100,100,100],"ix":6}},"ao":0,"ip":0,"op":750,"st":0,"bm":0},{"ddd":0,"ind":25,"ty":2,"nm":"组 10","refId":"image_9","sr":1,"ks":{"o":{"a":1,"k":[{"i":{"x":[0.58],"y":[1]},"o":{"x":[0.001],"y":[0]},"t":34,"s":[0],"e":[100]},{"t":44}],"ix":11},"r":{"a":0,"k":0,"ix":10},"p":{"a":1,"k":[{"i":{"x":0.58,"y":1},"o":{"x":0.001,"y":0},"t":34,"s":[160,42.5,0],"e":[160,92.5,0],"to":[0,8.333,0],"ti":[0,-8.333,0]},{"t":44}],"ix":2},"a":{"a":0,"k":[150,64.5,0],"ix":1},"s":{"a":0,"k":[100,100,100],"ix":6}},"ao":0,"ip":0,"op":750,"st":0,"bm":0},{"ddd":0,"ind":26,"ty":2,"nm":"图层 1","refId":"image_10","sr":1,"ks":{"o":{"a":1,"k":[{"i":{"x":[0.833],"y":[0.833]},"o":{"x":[0.167],"y":[0.167]},"t":25,"s":[0],"e":[100]},{"t":35}],"ix":11},"r":{"a":0,"k":0,"ix":10},"p":{"a":0,"k":[160,180,0],"ix":2},"a":{"a":0,"k":[160,180,0],"ix":1},"s":{"a":0,"k":[100,100,100],"ix":6}},"ao":0,"ip":0,"op":750,"st":0,"bm":0},{"ddd":0,"ind":28,"ty":1,"nm":"黑色 纯色 8","sr":1,"ks":{"o":{"a":0,"k":100,"ix":11},"r":{"a":0,"k":0,"ix":10},"p":{"a":0,"k":[160,180,0],"ix":2},"a":{"a":0,"k":[160,180,0],"ix":1},"s":{"a":0,"k":[100,100,100],"ix":6}},"ao":0,"sw":320,"sh":360,"sc":"#000000","ip":0,"op":69,"st":0,"bm":0}]},{"id":"comp_1","layers":[{"ddd":0,"ind":1,"ty":2,"nm":"组 1","refId":"image_4","sr":1,"ks":{"o":{"a":0,"k":100,"ix":11},"r":{"a":0,"k":0,"ix":10},"p":{"a":0,"k":[104,36,0],"ix":2},"a":{"a":0,"k":[8,8,0],"ix":1},"s":{"a":1,"k":[{"i":{"x":[0.833,0.833,0.833],"y":[0.833,0.833,0.833]},"o":{"x":[0.167,0.167,0.167],"y":[0.167,0.167,0.167]},"t":9,"s":[0,0,100],"e":[100,100,100]},{"i":{"x":[0.833,0.833,0.833],"y":[0.833,0.833,0.833]},"o":{"x":[0.167,0.167,0.167],"y":[0.167,0.167,0.167]},"t":17,"s":[100,100,100],"e":[0,0,100]},{"t":24}],"ix":6}},"ao":0,"ip":0,"op":100,"st":0,"bm":0},{"ddd":0,"ind":2,"ty":2,"nm":"组 2","refId":"image_5","sr":1,"ks":{"o":{"a":1,"k":[{"i":{"x":[0.833],"y":[0.833]},"o":{"x":[0.167],"y":[0.167]},"t":12,"s":[0],"e":[100]},{"i":{"x":[0.833],"y":[0.833]},"o":{"x":[0.167],"y":[0.167]},"t":17,"s":[100],"e":[50]},{"i":{"x":[0.833],"y":[0.833]},"o":{"x":[0.167],"y":[0.167]},"t":22,"s":[50],"e":[100]},{"t":27}],"ix":11},"r":{"a":0,"k":0,"ix":10},"p":{"a":0,"k":[118.5,62,0],"ix":2},"a":{"a":0,"k":[13.5,13,0],"ix":1},"s":{"a":1,"k":[{"i":{"x":[0.833,0.833,0.833],"y":[0.833,0.833,0.833]},"o":{"x":[0.167,0.167,0.167],"y":[0.167,0.167,0.167]},"t":12,"s":[50,50,100],"e":[100,100,100]},{"i":{"x":[0.833,0.833,0.833],"y":[0.833,0.833,0.833]},"o":{"x":[0.167,0.167,0.167],"y":[0.167,0.167,0.167]},"t":17,"s":[100,100,100],"e":[100,100,100]},{"i":{"x":[0.833,0.833,0.833],"y":[0.833,0.833,0.833]},"o":{"x":[0.167,0.167,0.167],"y":[0.167,0.167,0.167]},"t":22,"s":[100,100,100],"e":[0,0,100]},{"t":27}],"ix":6}},"ao":0,"ip":0,"op":100,"st":0,"bm":0},{"ddd":0,"ind":3,"ty":2,"nm":"组 3","refId":"image_6","sr":1,"ks":{"o":{"a":0,"k":100,"ix":11},"r":{"a":0,"k":0,"ix":10},"p":{"a":0,"k":[182,34.5,0],"ix":2},"a":{"a":0,"k":[8,8.5,0],"ix":1},"s":{"a":1,"k":[{"i":{"x":[0.833,0.833,0.833],"y":[0.833,0.833,0.833]},"o":{"x":[0.167,0.167,0.167],"y":[0.167,0.167,0.167]},"t":9,"s":[0,0,100],"e":[100,100,100]},{"i":{"x":[0.833,0.833,0.833],"y":[0.833,0.833,0.833]},"o":{"x":[0.167,0.167,0.167],"y":[0.167,0.167,0.167]},"t":17,"s":[100,100,100],"e":[0,0,100]},{"t":24}],"ix":6}},"ao":0,"ip":0,"op":100,"st":0,"bm":0}]},{"id":"comp_2","layers":[{"ddd":0,"ind":1,"ty":4,"nm":"图层 5","sr":1,"ks":{"o":{"a":1,"k":[{"i":{"x":[0.833],"y":[0.833]},"o":{"x":[0.167],"y":[0.167]},"t":3,"s":[0],"e":[100]},{"i":{"x":[0.833],"y":[0.833]},"o":{"x":[0.167],"y":[0.167]},"t":8,"s":[100],"e":[100]},{"i":{"x":[0.833],"y":[0.833]},"o":{"x":[0.167],"y":[0.167]},"t":18,"s":[100],"e":[0]},{"t":21}],"ix":11},"r":{"a":0,"k":15,"ix":10},"p":{"a":0,"k":[230.053,229.999,0],"ix":2},"a":{"a":0,"k":[-37.947,94.499,0],"ix":1},"s":{"a":0,"k":[100,100,100],"ix":6}},"ao":0,"shapes":[{"ty":"gr","it":[{"ind":0,"ty":"sh","ix":1,"ks":{"a":1,"k":[{"i":{"x":0.833,"y":0.833},"o":{"x":0.167,"y":0.167},"t":3,"s":[{"i":[[0,0],[0,-0.487],[-0.818,-0.718],[0,0.628]],"o":[[0,0],[0,0.628],[0.818,-0.718],[0,-0.487]],"v":[[-38,71],[-39,71.462],[-38,74],[-37,71.462]],"c":true}],"e":[{"i":[[0,0],[0,-6.504],[-6.5,0],[0,8.388]],"o":[[0,0],[0,8.388],[6.5,0],[0,-6.504]],"v":[[-38,69.42],[-46.744,76.28],[-38,93],[-29.024,76.28]],"c":true}]},{"i":{"x":0.833,"y":0.833},"o":{"x":0.167,"y":0.167},"t":4,"s":[{"i":[[0,0],[0,-6.504],[-6.5,0],[0,8.388]],"o":[[0,0],[0,8.388],[6.5,0],[0,-6.504]],"v":[[-38,69.42],[-46.744,76.28],[-38,93],[-29.024,76.28]],"c":true}],"e":[{"i":[[0,0],[0,-6.504],[-6.248,-0.799],[0,8.388]],"o":[[0,0],[0,8.388],[6.248,-0.799],[0,-6.504]],"v":[[-38,56.321],[-46.573,63.182],[-38,94.417],[-29.212,63.182]],"c":true}]},{"i":{"x":0.833,"y":0.833},"o":{"x":0.167,"y":0.167},"t":5,"s":[{"i":[[0,0],[0,-6.504],[-6.248,-0.799],[0,8.388]],"o":[[0,0],[0,8.388],[6.248,-0.799],[0,-6.504]],"v":[[-38,56.321],[-46.573,63.182],[-38,94.417],[-29.212,63.182]],"c":true}],"e":[{"i":[[0,0],[0,-6.504],[-5.996,-1.597],[0,8.388]],"o":[[0,0],[0,8.388],[5.996,-1.597],[0,-6.504]],"v":[[-38,44.802],[-46.401,51.664],[-38,92.561],[-29.399,51.664]],"c":true}]},{"i":{"x":0.833,"y":0.833},"o":{"x":0.167,"y":0.167},"t":6,"s":[{"i":[[0,0],[0,-6.504],[-5.996,-1.597],[0,8.388]],"o":[[0,0],[0,8.388],[5.996,-1.597],[0,-6.504]],"v":[[-38,44.802],[-46.401,51.664],[-38,92.561],[-29.399,51.664]],"c":true}],"e":[{"i":[[0,0],[0,-6.504],[-5.744,-2.396],[0,8.388]],"o":[[0,0],[0,8.388],[5.744,-2.396],[0,-6.504]],"v":[[-38,30.795],[-46.229,37.658],[-38,90.705],[-29.587,37.658]],"c":true}]},{"i":{"x":0.833,"y":0.833},"o":{"x":0.167,"y":0.167},"t":7,"s":[{"i":[[0,0],[0,-6.504],[-5.744,-2.396],[0,8.388]],"o":[[0,0],[0,8.388],[5.744,-2.396],[0,-6.504]],"v":[[-38,30.795],[-46.229,37.658],[-38,90.705],[-29.587,37.658]],"c":true}],"e":[{"i":[[0,0],[0,-6.504],[-5.492,-3.195],[0,8.388]],"o":[[0,0],[0,8.388],[5.492,-3.195],[0,-6.504]],"v":[[-38,16.913],[-46.057,23.778],[-38,91.598],[-29.774,23.778]],"c":true}]},{"i":{"x":0.833,"y":0.833},"o":{"x":0.167,"y":0.167},"t":8,"s":[{"i":[[0,0],[0,-6.504],[-5.492,-3.195],[0,8.388]],"o":[[0,0],[0,8.388],[5.492,-3.195],[0,-6.504]],"v":[[-38,16.913],[-46.057,23.778],[-38,91.598],[-29.774,23.778]],"c":true}],"e":[{"i":[[0,0],[0,-6.504],[-5.241,-3.994],[0,8.388]],"o":[[0,0],[0,8.388],[5.241,-3.994],[0,-6.504]],"v":[[-38,2.828],[-45.885,9.694],[-38,89.399],[-29.962,9.694]],"c":true}]},{"i":{"x":0.833,"y":0.833},"o":{"x":0.167,"y":0.167},"t":9,"s":[{"i":[[0,0],[0,-6.504],[-5.241,-3.994],[0,8.388]],"o":[[0,0],[0,8.388],[5.241,-3.994],[0,-6.504]],"v":[[-38,2.828],[-45.885,9.694],[-38,89.399],[-29.962,9.694]],"c":true}],"e":[{"i":[[0,0],[0,-6.504],[-4.989,-4.792],[0,8.388]],"o":[[0,0],[0,8.388],[4.989,-4.792],[0,-6.504]],"v":[[-38,-8.793],[-45.713,-1.925],[-38,75.449],[-30.149,-1.925]],"c":true}]},{"i":{"x":0.833,"y":0.833},"o":{"x":0.167,"y":0.167},"t":10,"s":[{"i":[[0,0],[0,-6.504],[-4.989,-4.792],[0,8.388]],"o":[[0,0],[0,8.388],[4.989,-4.792],[0,-6.504]],"v":[[-38,-8.793],[-45.713,-1.925],[-38,75.449],[-30.149,-1.925]],"c":true}],"e":[{"i":[[0,0],[0,-6.504],[-4.737,-5.591],[0,8.388]],"o":[[0,0],[0,8.388],[4.737,-5.591],[0,-6.504]],"v":[[-38,-22.705],[-45.541,-15.836],[-38,61.457],[-30.337,-15.836]],"c":true}]},{"i":{"x":0.833,"y":0.833},"o":{"x":0.167,"y":0.167},"t":11,"s":[{"i":[[0,0],[0,-6.504],[-4.737,-5.591],[0,8.388]],"o":[[0,0],[0,8.388],[4.737,-5.591],[0,-6.504]],"v":[[-38,-22.705],[-45.541,-15.836],[-38,61.457],[-30.337,-15.836]],"c":true}],"e":[{"i":[[0,0],[0,-6.504],[-4.485,-6.39],[0,8.388]],"o":[[0,0],[0,8.388],[4.485,-6.39],[0,-6.504]],"v":[[-38,-36.718],[-45.369,-29.847],[-38,47.216],[-30.524,-29.847]],"c":true}]},{"i":{"x":0.833,"y":0.833},"o":{"x":0.167,"y":0.167},"t":12,"s":[{"i":[[0,0],[0,-6.504],[-4.485,-6.39],[0,8.388]],"o":[[0,0],[0,8.388],[4.485,-6.39],[0,-6.504]],"v":[[-38,-36.718],[-45.369,-29.847],[-38,47.216],[-30.524,-29.847]],"c":true}],"e":[{"i":[[0,0],[0,-6.504],[-4.233,-7.188],[0,8.388]],"o":[[0,0],[0,8.388],[4.233,-7.188],[0,-6.504]],"v":[[-38,-50.98],[-45.198,-44.108],[-38,33.912],[-30.712,-44.108]],"c":true}]},{"i":{"x":0.833,"y":0.833},"o":{"x":0.167,"y":0.167},"t":13,"s":[{"i":[[0,0],[0,-6.504],[-4.233,-7.188],[0,8.388]],"o":[[0,0],[0,8.388],[4.233,-7.188],[0,-6.504]],"v":[[-38,-50.98],[-45.198,-44.108],[-38,33.912],[-30.712,-44.108]],"c":true}],"e":[{"i":[[0,0],[0,-6.504],[-3.981,-7.987],[0,8.388]],"o":[[0,0],[0,8.388],[3.981,-7.987],[0,-6.504]],"v":[[-38,-62.243],[-45.026,-55.369],[-38,22.275],[-30.899,-55.369]],"c":true}]},{"i":{"x":0.833,"y":0.833},"o":{"x":0.167,"y":0.167},"t":14,"s":[{"i":[[0,0],[0,-6.504],[-3.981,-7.987],[0,8.388]],"o":[[0,0],[0,8.388],[3.981,-7.987],[0,-6.504]],"v":[[-38,-62.243],[-45.026,-55.369],[-38,22.275],[-30.899,-55.369]],"c":true}],"e":[{"i":[[0,0],[0,-6.504],[-3.729,-8.786],[0,8.388]],"o":[[0,0],[0,8.388],[3.729,-8.786],[0,-6.504]],"v":[[-38,-77.005],[-44.854,-70.13],[-38,9.137],[-31.087,-70.13]],"c":true}]},{"i":{"x":0.833,"y":0.833},"o":{"x":0.167,"y":0.167},"t":15,"s":[{"i":[[0,0],[0,-6.504],[-3.729,-8.786],[0,8.388]],"o":[[0,0],[0,8.388],[3.729,-8.786],[0,-6.504]],"v":[[-38,-77.005],[-44.854,-70.13],[-38,9.137],[-31.087,-70.13]],"c":true}],"e":[{"i":[[0,0],[0,-6.504],[-3.477,-9.585],[0,8.388]],"o":[[0,0],[0,8.388],[3.477,-9.585],[0,-6.504]],"v":[[-38,-82.267],[-44.682,-75.391],[-38,-5.5],[-31.274,-75.391]],"c":true}]},{"i":{"x":0.833,"y":0.833},"o":{"x":0.167,"y":0.167},"t":16,"s":[{"i":[[0,0],[0,-6.504],[-3.477,-9.585],[0,8.388]],"o":[[0,0],[0,8.388],[3.477,-9.585],[0,-6.504]],"v":[[-38,-82.267],[-44.682,-75.391],[-38,-5.5],[-31.274,-75.391]],"c":true}],"e":[{"i":[[0,0],[0,-6.504],[-3.477,-9.585],[0,8.388]],"o":[[0,0],[0,8.388],[3.477,-9.585],[0,-6.504]],"v":[[-38,-82.267],[-44.682,-75.391],[-38,-21],[-31.274,-75.391]],"c":true}]},{"i":{"x":0.833,"y":0.833},"o":{"x":0.167,"y":0.167},"t":17,"s":[{"i":[[0,0],[0,-6.504],[-3.477,-9.585],[0,8.388]],"o":[[0,0],[0,8.388],[3.477,-9.585],[0,-6.504]],"v":[[-38,-82.267],[-44.682,-75.391],[-38,-21],[-31.274,-75.391]],"c":true}],"e":[{"i":[[0,0],[0,-6.504],[-3.477,-9.585],[0,8.388]],"o":[[0,0],[0,8.388],[3.477,-9.585],[0,-6.504]],"v":[[-38,-82.267],[-44.682,-75.391],[-38,-34.25],[-31.274,-75.391]],"c":true}]},{"i":{"x":0.833,"y":0.833},"o":{"x":0.167,"y":0.167},"t":18,"s":[{"i":[[0,0],[0,-6.504],[-3.477,-9.585],[0,8.388]],"o":[[0,0],[0,8.388],[3.477,-9.585],[0,-6.504]],"v":[[-38,-82.267],[-44.682,-75.391],[-38,-34.25],[-31.274,-75.391]],"c":true}],"e":[{"i":[[0,0],[0,-6.504],[-3.477,-9.585],[0,8.388]],"o":[[0,0],[0,8.388],[3.477,-9.585],[0,-6.504]],"v":[[-38,-82.267],[-44.682,-75.391],[-38,-45.5],[-31.274,-75.391]],"c":true}]},{"i":{"x":0.833,"y":0.833},"o":{"x":0.167,"y":0.167},"t":19,"s":[{"i":[[0,0],[0,-6.504],[-3.477,-9.585],[0,8.388]],"o":[[0,0],[0,8.388],[3.477,-9.585],[0,-6.504]],"v":[[-38,-82.267],[-44.682,-75.391],[-38,-45.5],[-31.274,-75.391]],"c":true}],"e":[{"i":[[0,0],[0,-6.504],[-2.75,0],[0,8.388]],"o":[[0,0],[0,8.388],[2.75,0],[0,-6.504]],"v":[[-38,-82.267],[-44.682,-75.391],[-38,-65.25],[-31.274,-75.391]],"c":true}]},{"i":{"x":0.833,"y":0.833},"o":{"x":0.167,"y":0.167},"t":20,"s":[{"i":[[0,0],[0,-6.504],[-2.75,0],[0,8.388]],"o":[[0,0],[0,8.388],[2.75,0],[0,-6.504]],"v":[[-38,-82.267],[-44.682,-75.391],[-38,-65.25],[-31.274,-75.391]],"c":true}],"e":[{"i":[[0,0],[0,-6.504],[-2.75,0],[0,4.016]],"o":[[0,0],[0,3.891],[2.75,0],[0,-6.504]],"v":[[-38,-82.267],[-44.682,-75.391],[-38,-68.75],[-31.274,-75.391]],"c":true}]},{"t":21}],"ix":2},"nm":"路径 1","mn":"ADBE Vector Shape - Group","hd":false},{"ty":"gf","o":{"a":0,"k":50,"ix":10},"r":1,"bm":0,"g":{"p":2,"k":{"a":0,"k":[0,1,0.290,0.180,1,0.976,0.020,0.110],"ix":9}},"s":{"a":0,"k":[-38.444,-83.099],"ix":5},"e":{"a":0,"k":[-38.556,-7.328],"ix":6},"t":1,"nm":"渐变填充 1","mn":"ADBE Vector Graphic - G-Fill","hd":false},{"ty":"tr","p":{"a":0,"k":[0,0],"ix":2},"a":{"a":0,"k":[0,0],"ix":1},"s":{"a":0,"k":[100,100],"ix":3},"r":{"a":0,"k":0,"ix":6},"o":{"a":0,"k":100,"ix":7},"sk":{"a":0,"k":0,"ix":4},"sa":{"a":0,"k":0,"ix":5},"nm":"变换"}],"nm":"组 1","np":2,"cix":2,"bm":0,"ix":1,"mn":"ADBE Vector Group","hd":false},{"ty":"gs","o":{"a":0,"k":100,"ix":9},"w":{"a":0,"k":1,"ix":10},"g":{"p":2,"k":{"a":0,"k":[0,1,0.267,0.267,1,0,0.580,0.298],"ix":8}},"s":{"a":0,"k":[0,0],"ix":4},"e":{"a":0,"k":[100,0],"ix":5},"t":1,"lc":1,"lj":1,"ml":4,"ml2":{"a":0,"k":4,"ix":13},"bm":0,"nm":"渐变描边 1","mn":"ADBE Vector Graphic - G-Stroke","hd":false}],"ip":0,"op":100,"st":0,"bm":0},{"ddd":0,"ind":2,"ty":4,"nm":"图层 4","sr":1,"ks":{"o":{"a":1,"k":[{"i":{"x":[0.833],"y":[0.833]},"o":{"x":[0.167],"y":[0.167]},"t":0,"s":[0],"e":[100]},{"i":{"x":[0.833],"y":[0.833]},"o":{"x":[0.167],"y":[0.167]},"t":5,"s":[100],"e":[100]},{"i":{"x":[0.833],"y":[0.833]},"o":{"x":[0.167],"y":[0.167]},"t":21,"s":[100],"e":[0]},{"t":26}],"ix":11},"r":{"a":0,"k":0,"ix":10},"p":{"a":0,"k":[230,150.995,0],"ix":2},"a":{"a":0,"k":[-38,15.495,0],"ix":1},"s":{"a":0,"k":[100,100,100],"ix":6}},"ao":0,"shapes":[{"ty":"gr","it":[{"ind":0,"ty":"sh","ix":1,"ks":{"a":1,"k":[{"i":{"x":0.833,"y":0.833},"o":{"x":0.167,"y":0.167},"t":0,"s":[{"i":[[0,0],[0,-0.487],[-0.818,-0.718],[0,0.628]],"o":[[0,0],[0,0.628],[0.818,-0.718],[0,-0.487]],"v":[[-38,71],[-39,71.462],[-38,74],[-37,71.462]],"c":true}],"e":[{"i":[[0,0],[0,-0.95],[-1.023,-1.4],[0,1.225]],"o":[[0,0],[0,1.225],[1.023,-1.4],[0,-0.95]],"v":[[-38,70.65],[-39.25,71.55],[-38,74],[-36.75,71.55]],"c":true}]},{"i":{"x":0.833,"y":0.833},"o":{"x":0.167,"y":0.167},"t":1,"s":[{"i":[[0,0],[0,-0.95],[-1.023,-1.4],[0,1.225]],"o":[[0,0],[0,1.225],[1.023,-1.4],[0,-0.95]],"v":[[-38,70.65],[-39.25,71.55],[-38,74],[-36.75,71.55]],"c":true}],"e":[{"i":[[0,0],[0,-1.413],[-1.227,-2.082],[0,1.822]],"o":[[0,0],[0,1.822],[1.227,-2.082],[0,-1.413]],"v":[[-38,62.299],[-39.5,63.637],[-38,74],[-36.5,63.637]],"c":true}]},{"i":{"x":0.833,"y":0.833},"o":{"x":0.167,"y":0.167},"t":2,"s":[{"i":[[0,0],[0,-1.413],[-1.227,-2.082],[0,1.822]],"o":[[0,0],[0,1.822],[1.227,-2.082],[0,-1.413]],"v":[[-38,62.299],[-39.5,63.637],[-38,74],[-36.5,63.637]],"c":true}],"e":[{"i":[[0,0],[0,-1.876],[-1.432,-2.764],[0,2.419]],"o":[[0,0],[0,2.419],[1.432,-2.764],[0,-1.876]],"v":[[-38,53.84],[-39.75,55.617],[-38,74],[-36.25,55.617]],"c":true}]},{"i":{"x":0.833,"y":0.833},"o":{"x":0.167,"y":0.167},"t":3,"s":[{"i":[[0,0],[0,-1.876],[-1.432,-2.764],[0,2.419]],"o":[[0,0],[0,2.419],[1.432,-2.764],[0,-1.876]],"v":[[-38,53.84],[-39.75,55.617],[-38,74],[-36.25,55.617]],"c":true}],"e":[{"i":[[0,0],[0,-2.338],[-1.636,-3.446],[0,3.016]],"o":[[0,0],[0,3.016],[1.636,-3.446],[0,-2.338]],"v":[[-38,45.223],[-41.879,47.69],[-38,74],[-34.063,47.69]],"c":true}]},{"i":{"x":0.833,"y":0.833},"o":{"x":0.167,"y":0.167},"t":4,"s":[{"i":[[0,0],[0,-2.338],[-1.636,-3.446],[0,3.016]],"o":[[0,0],[0,3.016],[1.636,-3.446],[0,-2.338]],"v":[[-38,45.223],[-41.879,47.69],[-38,74],[-34.063,47.69]],"c":true}],"e":[{"i":[[0,0],[0,-2.801],[-1.841,-4.128],[0,3.613]],"o":[[0,0],[0,3.613],[1.841,-4.128],[0,-2.801]],"v":[[-38,37.522],[-42.077,40.421],[-38,74],[-33.866,40.421]],"c":true}]},{"i":{"x":0.833,"y":0.833},"o":{"x":0.167,"y":0.167},"t":5,"s":[{"i":[[0,0],[0,-2.801],[-1.841,-4.128],[0,3.613]],"o":[[0,0],[0,3.613],[1.841,-4.128],[0,-2.801]],"v":[[-38,37.522],[-42.077,40.421],[-38,74],[-33.866,40.421]],"c":true}],"e":[{"i":[[0,0],[0,-3.264],[-2.045,-4.81],[0,4.21]],"o":[[0,0],[0,4.21],[2.045,-4.81],[0,-3.264]],"v":[[-38,28.097],[-42.275,31.427],[-38,74],[-33.67,31.427]],"c":true}]},{"i":{"x":0.833,"y":0.833},"o":{"x":0.167,"y":0.167},"t":6,"s":[{"i":[[0,0],[0,-3.264],[-2.045,-4.81],[0,4.21]],"o":[[0,0],[0,4.21],[2.045,-4.81],[0,-3.264]],"v":[[-38,28.097],[-42.275,31.427],[-38,74],[-33.67,31.427]],"c":true}],"e":[{"i":[[0,0],[0,-3.727],[-2.25,-5.492],[0,4.807]],"o":[[0,0],[0,4.807],[2.25,-5.492],[0,-3.727]],"v":[[-38,19.255],[-43.722,23.659],[-38,74],[-32.224,23.659]],"c":true}]},{"i":{"x":0.833,"y":0.833},"o":{"x":0.167,"y":0.167},"t":7,"s":[{"i":[[0,0],[0,-3.727],[-2.25,-5.492],[0,4.807]],"o":[[0,0],[0,4.807],[2.25,-5.492],[0,-3.727]],"v":[[-38,19.255],[-43.722,23.659],[-38,74],[-32.224,23.659]],"c":true}],"e":[{"i":[[0,0],[0,-4.19],[-2.455,-6.174],[0,5.403]],"o":[[0,0],[0,5.403],[2.455,-6.174],[0,-4.19]],"v":[[-38,11.119],[-43.882,15.935],[-38,74],[-32.066,15.935]],"c":true}]},{"i":{"x":0.833,"y":0.833},"o":{"x":0.167,"y":0.167},"t":8,"s":[{"i":[[0,0],[0,-4.19],[-2.455,-6.174],[0,5.403]],"o":[[0,0],[0,5.403],[2.455,-6.174],[0,-4.19]],"v":[[-38,11.119],[-43.882,15.935],[-38,74],[-32.066,15.935]],"c":true}],"e":[{"i":[[0,0],[0,-4.653],[-2.659,-6.856],[0,6]],"o":[[0,0],[0,6],[2.659,-6.856],[0,-4.653]],"v":[[-38,4.178],[-44.042,9.406],[-38,74],[-31.907,9.406]],"c":true}]},{"i":{"x":0.833,"y":0.833},"o":{"x":0.167,"y":0.167},"t":9,"s":[{"i":[[0,0],[0,-4.653],[-2.659,-6.856],[0,6]],"o":[[0,0],[0,6],[2.659,-6.856],[0,-4.653]],"v":[[-38,4.178],[-44.042,9.406],[-38,74],[-31.907,9.406]],"c":true}],"e":[{"i":[[0,0],[0,-5.115],[-2.864,-7.538],[0,6.597]],"o":[[0,0],[0,6.597],[2.864,-7.538],[0,-5.115]],"v":[[-38,-5.344],[-44.202,0.296],[-38,74],[-31.749,0.296]],"c":true}]},{"i":{"x":0.833,"y":0.833},"o":{"x":0.167,"y":0.167},"t":10,"s":[{"i":[[0,0],[0,-5.115],[-2.864,-7.538],[0,6.597]],"o":[[0,0],[0,6.597],[2.864,-7.538],[0,-5.115]],"v":[[-38,-5.344],[-44.202,0.296],[-38,74],[-31.749,0.296]],"c":true}],"e":[{"i":[[0,0],[0,-5.578],[-3.068,-8.22],[0,7.194]],"o":[[0,0],[0,7.194],[3.068,-8.22],[0,-5.578]],"v":[[-38,-12.599],[-44.362,-6.547],[-38,74],[-31.591,-6.547]],"c":true}]},{"i":{"x":0.833,"y":0.833},"o":{"x":0.167,"y":0.167},"t":11,"s":[{"i":[[0,0],[0,-5.578],[-3.068,-8.22],[0,7.194]],"o":[[0,0],[0,7.194],[3.068,-8.22],[0,-5.578]],"v":[[-38,-12.599],[-44.362,-6.547],[-38,74],[-31.591,-6.547]],"c":true}],"e":[{"i":[[0,0],[0,-6.041],[-3.273,-8.903],[0,7.791]],"o":[[0,0],[0,7.791],[3.273,-8.903],[0,-6.041]],"v":[[-38,-18.648],[-44.522,-12.184],[-38,74],[-31.432,-12.184]],"c":true}]},{"i":{"x":0.833,"y":0.833},"o":{"x":0.167,"y":0.167},"t":12,"s":[{"i":[[0,0],[0,-6.041],[-3.273,-8.903],[0,7.791]],"o":[[0,0],[0,7.791],[3.273,-8.903],[0,-6.041]],"v":[[-38,-18.648],[-44.522,-12.184],[-38,74],[-31.432,-12.184]],"c":true}],"e":[{"i":[[0,0],[0,-6.504],[-3.477,-9.585],[0,8.388]],"o":[[0,0],[0,8.388],[3.477,-9.585],[0,-6.504]],"v":[[-38,-27.767],[-44.682,-20.891],[-38,74],[-31.274,-20.891]],"c":true}]},{"i":{"x":0.833,"y":0.833},"o":{"x":0.167,"y":0.167},"t":13,"s":[{"i":[[0,0],[0,-6.504],[-3.477,-9.585],[0,8.388]],"o":[[0,0],[0,8.388],[3.477,-9.585],[0,-6.504]],"v":[[-38,-27.767],[-44.682,-20.891],[-38,74],[-31.274,-20.891]],"c":true}],"e":[{"i":[[0,0],[0,-6.967],[-3.682,-10.267],[0,8.985]],"o":[[0,0],[0,8.985],[3.682,-10.267],[0,-6.967]],"v":[[-38,-34.832],[-44.842,-27.544],[-38,74],[-31.116,-27.544]],"c":true}]},{"i":{"x":0.833,"y":0.833},"o":{"x":0.167,"y":0.167},"t":14,"s":[{"i":[[0,0],[0,-6.967],[-3.682,-10.267],[0,8.985]],"o":[[0,0],[0,8.985],[3.682,-10.267],[0,-6.967]],"v":[[-38,-34.832],[-44.842,-27.544],[-38,74],[-31.116,-27.544]],"c":true}],"e":[{"i":[[0,0],[0,-7.429],[-3.886,-10.949],[0,9.582]],"o":[[0,0],[0,9.582],[3.886,-10.949],[0,-7.429]],"v":[[-38,-44.396],[-45.002,-36.696],[-38,74],[-30.958,-36.696]],"c":true}]},{"i":{"x":0.833,"y":0.833},"o":{"x":0.167,"y":0.167},"t":15,"s":[{"i":[[0,0],[0,-7.429],[-3.886,-10.949],[0,9.582]],"o":[[0,0],[0,9.582],[3.886,-10.949],[0,-7.429]],"v":[[-38,-44.396],[-45.002,-36.696],[-38,74],[-30.958,-36.696]],"c":true}],"e":[{"i":[[0,0],[0,-7.892],[-4.091,-11.631],[0,10.179]],"o":[[0,0],[0,10.179],[4.091,-11.631],[0,-7.892]],"v":[[-38,-50.59],[-45.162,-42.478],[-38,74],[-30.799,-42.478]],"c":true}]},{"i":{"x":0.833,"y":0.833},"o":{"x":0.167,"y":0.167},"t":16,"s":[{"i":[[0,0],[0,-7.892],[-4.091,-11.631],[0,10.179]],"o":[[0,0],[0,10.179],[4.091,-11.631],[0,-7.892]],"v":[[-38,-50.59],[-45.162,-42.478],[-38,74],[-30.799,-42.478]],"c":true}],"e":[{"i":[[0,0],[0,-8.355],[-4.295,-12.313],[0,10.776]],"o":[[0,0],[0,10.776],[4.295,-12.313],[0,-8.355]],"v":[[-38,-59.774],[-45.322,-51.25],[-38,53.875],[-30.641,-51.25]],"c":true}]},{"i":{"x":0.833,"y":0.833},"o":{"x":0.167,"y":0.167},"t":17,"s":[{"i":[[0,0],[0,-8.355],[-4.295,-12.313],[0,10.776]],"o":[[0,0],[0,10.776],[4.295,-12.313],[0,-8.355]],"v":[[-38,-59.774],[-45.322,-51.25],[-38,53.875],[-30.641,-51.25]],"c":true}],"e":[{"i":[[0,0],[0,-8.818],[-4.5,-12.995],[0,11.372]],"o":[[0,0],[0,11.372],[4.5,-12.995],[0,-8.818]],"v":[[-38,-66.794],[-45.482,-57.858],[-38,35.625],[-30.483,-57.858]],"c":true}]},{"i":{"x":0.833,"y":0.833},"o":{"x":0.167,"y":0.167},"t":18,"s":[{"i":[[0,0],[0,-8.818],[-4.5,-12.995],[0,11.372]],"o":[[0,0],[0,11.372],[4.5,-12.995],[0,-8.818]],"v":[[-38,-66.794],[-45.482,-57.858],[-38,35.625],[-30.483,-57.858]],"c":true}],"e":[{"i":[[0,0],[0,-9.281],[-4.705,-13.677],[0,11.969]],"o":[[0,0],[0,11.969],[4.705,-13.677],[0,-9.281]],"v":[[-38,-75.713],[-45.641,-66.365],[-38,14.75],[-30.324,-66.365]],"c":true}]},{"i":{"x":0.833,"y":0.833},"o":{"x":0.167,"y":0.167},"t":19,"s":[{"i":[[0,0],[0,-9.281],[-4.705,-13.677],[0,11.969]],"o":[[0,0],[0,11.969],[4.705,-13.677],[0,-9.281]],"v":[[-38,-75.713],[-45.641,-66.365],[-38,14.75],[-30.324,-66.365]],"c":true}],"e":[{"i":[[0,0],[0,-9.744],[-4.909,-14.359],[0,12.566]],"o":[[0,0],[0,12.566],[4.909,-14.359],[0,-9.744]],"v":[[-38,-82.405],[-45.801,-72.645],[-38,-3.5],[-30.166,-72.645]],"c":true}]},{"i":{"x":0.833,"y":0.833},"o":{"x":0.167,"y":0.167},"t":20,"s":[{"i":[[0,0],[0,-9.744],[-4.909,-14.359],[0,12.566]],"o":[[0,0],[0,12.566],[4.909,-14.359],[0,-9.744]],"v":[[-38,-82.405],[-45.801,-72.645],[-38,-3.5],[-30.166,-72.645]],"c":true}],"e":[{"i":[[0,0],[0,-10.206],[-5.114,-15.041],[0,13.163]],"o":[[0,0],[0,13.163],[5.114,-15.041],[0,-10.206]],"v":[[-38,-92.685],[-45.961,-82.513],[-38,-23.625],[-30.008,-82.513]],"c":true}]},{"i":{"x":0.833,"y":0.833},"o":{"x":0.167,"y":0.167},"t":21,"s":[{"i":[[0,0],[0,-10.206],[-5.114,-15.041],[0,13.163]],"o":[[0,0],[0,13.163],[5.114,-15.041],[0,-10.206]],"v":[[-38,-92.685],[-45.961,-82.513],[-38,-23.625],[-30.008,-82.513]],"c":true}],"e":[{"i":[[0,0],[0,-10.669],[-5.318,-15.723],[0,13.76]],"o":[[0,0],[0,13.76],[5.318,-15.723],[0,-10.669]],"v":[[-38,-98.57],[-46.121,-87.986],[-38,-42],[-29.849,-87.986]],"c":true}]},{"i":{"x":0.833,"y":0.833},"o":{"x":0.167,"y":0.167},"t":22,"s":[{"i":[[0,0],[0,-10.669],[-5.318,-15.723],[0,13.76]],"o":[[0,0],[0,13.76],[5.318,-15.723],[0,-10.669]],"v":[[-38,-98.57],[-46.121,-87.986],[-38,-42],[-29.849,-87.986]],"c":true}],"e":[{"i":[[0,0],[0,-11.132],[-5.523,-16.405],[0,14.357]],"o":[[0,0],[0,14.357],[5.523,-16.405],[0,-11.132]],"v":[[-38,-108.233],[-46.281,-97.237],[-38,-62.806],[-29.691,-97.237]],"c":true}]},{"i":{"x":0.833,"y":0.833},"o":{"x":0.167,"y":0.167},"t":23,"s":[{"i":[[0,0],[0,-11.132],[-5.523,-16.405],[0,14.357]],"o":[[0,0],[0,14.357],[5.523,-16.405],[0,-11.132]],"v":[[-38,-108.233],[-46.281,-97.237],[-38,-62.806],[-29.691,-97.237]],"c":true}],"e":[{"i":[[3.188,0],[0,-3.264],[-2.045,-4.81],[0,4.21]],"o":[[-3.188,0],[0,4.21],[2.045,-4.81],[0,-3.264]],"v":[[-38,-114.466],[-44.837,-109.521],[-38,-81.875],[-31.17,-109.459]],"c":true}]},{"i":{"x":0.833,"y":0.833},"o":{"x":0.167,"y":0.167},"t":24,"s":[{"i":[[3.188,0],[0,-3.264],[-2.045,-4.81],[0,4.21]],"o":[[-3.188,0],[0,4.21],[2.045,-4.81],[0,-3.264]],"v":[[-38,-114.466],[-44.837,-109.521],[-38,-81.875],[-31.17,-109.459]],"c":true}],"e":[{"i":[[3.188,0],[0,-3.264],[-2.045,-4.81],[0,4.21]],"o":[[-3.188,0],[0,4.21],[2.045,-4.81],[0,-3.264]],"v":[[-38,-120.341],[-44.025,-115.418],[-38,-100.875],[-31.92,-115.355]],"c":true}]},{"i":{"x":0.833,"y":0.833},"o":{"x":0.167,"y":0.167},"t":25,"s":[{"i":[[3.188,0],[0,-3.264],[-2.045,-4.81],[0,4.21]],"o":[[-3.188,0],[0,4.21],[2.045,-4.81],[0,-3.264]],"v":[[-38,-120.341],[-44.025,-115.418],[-38,-100.875],[-31.92,-115.355]],"c":true}],"e":[{"i":[[3.188,0],[0,-3.264],[-1.813,0],[0,4.21]],"o":[[-3.188,0],[0,4.21],[1.813,0],[0,-3.264]],"v":[[-38,-120.341],[-44.025,-115.418],[-38,-106.313],[-31.92,-115.355]],"c":true}]},{"i":{"x":0.833,"y":0.833},"o":{"x":0.167,"y":0.167},"t":26,"s":[{"i":[[3.188,0],[0,-3.264],[-1.813,0],[0,4.21]],"o":[[-3.188,0],[0,4.21],[1.813,0],[0,-3.264]],"v":[[-38,-120.341],[-44.025,-115.418],[-38,-106.313],[-31.92,-115.355]],"c":true}],"e":[{"i":[[3.188,0],[0,-3.264],[-2.938,0],[0,4.21]],"o":[[-3.188,0],[0,4.21],[2.938,0],[0,-3.264]],"v":[[-38,-120.341],[-44.025,-115.418],[-38,-109.375],[-31.92,-115.355]],"c":true}]},{"t":27}],"ix":2},"nm":"路径 1","mn":"ADBE Vector Shape - Group","hd":false},{"ty":"gf","o":{"a":0,"k":50,"ix":10},"r":1,"bm":0,"g":{"p":2,"k":{"a":0,"k":[0,1,0.290,0.180,1,0.976,0.020,0.110],"ix":9}},"s":{"a":0,"k":[-38,-50],"ix":5},"e":{"a":0,"k":[-37.5,73.5],"ix":6},"t":1,"nm":"渐变填充 1","mn":"ADBE Vector Graphic - G-Fill","hd":false},{"ty":"tr","p":{"a":0,"k":[0,0],"ix":2},"a":{"a":0,"k":[0,0],"ix":1},"s":{"a":0,"k":[100,100],"ix":3},"r":{"a":0,"k":0,"ix":6},"o":{"a":0,"k":100,"ix":7},"sk":{"a":0,"k":0,"ix":4},"sa":{"a":0,"k":0,"ix":5},"nm":"变换"}],"nm":"组 1","np":2,"cix":2,"bm":0,"ix":1,"mn":"ADBE Vector Group","hd":false},{"ty":"gs","o":{"a":0,"k":100,"ix":9},"w":{"a":0,"k":1,"ix":10},"g":{"p":2,"k":{"a":0,"k":[0,1,0.267,0.267,1,0,0.580,0.298],"ix":8}},"s":{"a":0,"k":[0,0],"ix":4},"e":{"a":0,"k":[0,58],"ix":5},"t":1,"lc":1,"lj":1,"ml":4,"ml2":{"a":0,"k":4,"ix":13},"bm":0,"nm":"渐变描边 1","mn":"ADBE Vector Graphic - G-Stroke","hd":false}],"ip":0,"op":100,"st":0,"bm":0}]}],"layers":[{"ddd":0,"ind":1,"ty":2,"nm":"1","refId":"image_0","sr":1,"ks":{"o":{"a":1,"k":[{"i":{"x":[0.833],"y":[0.833]},"o":{"x":[0.167],"y":[0.167]},"t":8,"s":[0],"e":[100]},{"i":{"x":[0.833],"y":[0.833]},"o":{"x":[0.167],"y":[0.167]},"t":18,"s":[100],"e":[100]},{"i":{"x":[0.833],"y":[0.833]},"o":{"x":[0.167],"y":[0.167]},"t":30,"s":[100],"e":[0]},{"t":37}],"ix":11},"r":{"a":0,"k":0,"ix":10},"p":{"a":0,"k":[237.5,166.5,0],"ix":2},"a":{"a":0,"k":[37.5,67.5,0],"ix":1},"s":{"a":1,"k":[{"i":{"x":[0.833,0.833,0.833],"y":[0.833,0.833,0.833]},"o":{"x":[0.167,0.167,0.167],"y":[0.167,0.167,0.167]},"t":8,"s":[0,0,100],"e":[10,10,100]},{"i":{"x":[0.833,0.833,0.833],"y":[0.833,0.833,0.833]},"o":{"x":[0.167,0.167,0.167],"y":[0.167,0.167,0.167]},"t":9,"s":[10,10,100],"e":[20,20,100]},{"i":{"x":[0.833,0.833,0.833],"y":[0.833,0.833,0.833]},"o":{"x":[0.167,0.167,0.167],"y":[0.167,0.167,0.167]},"t":10,"s":[20,20,100],"e":[30,30,100]},{"i":{"x":[0.833,0.833,0.833],"y":[0.833,0.833,0.833]},"o":{"x":[0.167,0.167,0.167],"y":[0.167,0.167,0.167]},"t":11,"s":[30,30,100],"e":[40,40,100]},{"i":{"x":[0.833,0.833,0.833],"y":[0.833,0.833,0.833]},"o":{"x":[0.167,0.167,0.167],"y":[0.167,0.167,0.167]},"t":12,"s":[40,40,100],"e":[50,50,100]},{"i":{"x":[0.833,0.833,0.833],"y":[0.833,0.833,0.833]},"o":{"x":[0.167,0.167,0.167],"y":[0.167,0.167,0.167]},"t":13,"s":[50,50,100],"e":[60,60,100]},{"i":{"x":[0.833,0.833,0.833],"y":[0.833,0.833,0.833]},"o":{"x":[0.167,0.167,0.167],"y":[0.167,0.167,0.167]},"t":14,"s":[60,60,100],"e":[70,70,100]},{"i":{"x":[0.833,0.833,0.833],"y":[0.833,0.833,0.833]},"o":{"x":[0.167,0.167,0.167],"y":[0.167,0.167,0.167]},"t":15,"s":[70,70,100],"e":[80,80,100]},{"i":{"x":[0.833,0.833,0.833],"y":[0.833,0.833,0.833]},"o":{"x":[0.167,0.167,0.167],"y":[0.167,0.167,0.167]},"t":16,"s":[80,80,100],"e":[90,90,100]},{"i":{"x":[0.833,0.833,0.833],"y":[0.833,0.833,0.833]},"o":{"x":[0.167,0.167,0.167],"y":[0.167,0.167,0.167]},"t":17,"s":[90,90,100],"e":[100,100,100]},{"i":{"x":[0.833,0.833,0.833],"y":[0.833,0.833,0.833]},"o":{"x":[0.167,0.167,0.167],"y":[0.167,0.167,0.167]},"t":18,"s":[100,100,100],"e":[111.118,111.118,100]},{"i":{"x":[0.833,0.833,0.833],"y":[0.833,0.833,0.833]},"o":{"x":[0.167,0.167,0.167],"y":[0.167,0.167,0.167]},"t":19,"s":[111.118,111.118,100],"e":[117.987,117.987,100]},{"i":{"x":[0.833,0.833,0.833],"y":[0.833,0.833,0.833]},"o":{"x":[0.167,0.167,0.167],"y":[0.167,0.167,0.167]},"t":20,"s":[117.987,117.987,100],"e":[119.627,119.627,100]},{"i":{"x":[0.833,0.833,0.833],"y":[0.833,0.833,0.833]},"o":{"x":[0.167,0.167,0.167],"y":[0.167,0.167,0.167]},"t":21,"s":[119.627,119.627,100],"e":[116.426,116.426,100]},{"i":{"x":[0.833,0.833,0.833],"y":[0.833,0.833,0.833]},"o":{"x":[0.167,0.167,0.167],"y":[0.167,0.167,0.167]},"t":22,"s":[116.426,116.426,100],"e":[109.85,109.85,100]},{"i":{"x":[0.833,0.833,0.833],"y":[0.833,0.833,0.833]},"o":{"x":[0.167,0.167,0.167],"y":[0.167,0.167,0.167]},"t":23,"s":[109.85,109.85,100],"e":[101.939,101.939,100]},{"i":{"x":[0.833,0.833,0.833],"y":[0.833,0.833,0.833]},"o":{"x":[0.167,0.167,0.167],"y":[0.167,0.167,0.167]},"t":24,"s":[101.939,101.939,100],"e":[94.743,94.743,100]},{"i":{"x":[0.833,0.833,0.833],"y":[0.833,0.833,0.833]},"o":{"x":[0.167,0.167,0.167],"y":[0.167,0.167,0.167]},"t":25,"s":[94.743,94.743,100],"e":[89.843,89.843,100]},{"i":{"x":[0.833,0.833,0.833],"y":[0.833,0.833,0.833]},"o":{"x":[0.167,0.167,0.167],"y":[0.167,0.167,0.167]},"t":26,"s":[89.843,89.843,100],"e":[88.047,88.047,100]},{"i":{"x":[0.833,0.833,0.833],"y":[0.833,0.833,0.833]},"o":{"x":[0.167,0.167,0.167],"y":[0.167,0.167,0.167]},"t":27,"s":[88.047,88.047,100],"e":[89.317,89.317,100]},{"i":{"x":[0.833,0.833,0.833],"y":[0.833,0.833,0.833]},"o":{"x":[0.167,0.167,0.167],"y":[0.167,0.167,0.167]},"t":28,"s":[89.317,89.317,100],"e":[92.902,92.902,100]},{"i":{"x":[0.833,0.833,0.833],"y":[0.833,0.833,0.833]},"o":{"x":[0.167,0.167,0.167],"y":[0.167,0.167,0.167]},"t":29,"s":[92.902,92.902,100],"e":[97.619,97.619,100]},{"i":{"x":[0.833,0.833,0.833],"y":[0.833,0.833,0.833]},"o":{"x":[0.167,0.167,0.167],"y":[0.167,0.167,0.167]},"t":30,"s":[97.619,97.619,100],"e":[102.198,102.198,100]},{"i":{"x":[0.833,0.833,0.833],"y":[0.833,0.833,0.833]},"o":{"x":[0.167,0.167,0.167],"y":[0.167,0.167,0.167]},"t":31,"s":[102.198,102.198,100],"e":[105.584,105.584,100]},{"i":{"x":[0.833,0.833,0.833],"y":[0.833,0.833,0.833]},"o":{"x":[0.167,0.167,0.167],"y":[0.167,0.167,0.167]},"t":32,"s":[105.584,105.584,100],"e":[107.161,107.161,100]},{"i":{"x":[0.833,0.833,0.833],"y":[0.833,0.833,0.833]},"o":{"x":[0.167,0.167,0.167],"y":[0.167,0.167,0.167]},"t":33,"s":[107.161,107.161,100],"e":[106.828,106.828,100]},{"i":{"x":[0.833,0.833,0.833],"y":[0.833,0.833,0.833]},"o":{"x":[0.167,0.167,0.167],"y":[0.167,0.167,0.167]},"t":34,"s":[106.828,106.828,100],"e":[0,0,100]},{"t":45}],"ix":6}},"ao":0,"ip":0,"op":77,"st":0,"bm":0},{"ddd":0,"ind":2,"ty":2,"nm":"3","refId":"image_1","sr":1,"ks":{"o":{"a":1,"k":[{"i":{"x":[0.833],"y":[0.833]},"o":{"x":[0.167],"y":[0.167]},"t":6,"s":[0],"e":[100]},{"i":{"x":[0.833],"y":[0.833]},"o":{"x":[0.167],"y":[0.167]},"t":16,"s":[100],"e":[100]},{"i":{"x":[0.833],"y":[0.833]},"o":{"x":[0.167],"y":[0.167]},"t":30,"s":[100],"e":[0]},{"t":37}],"ix":11},"r":{"a":0,"k":0,"ix":10},"p":{"a":0,"k":[210.5,191,0],"ix":2},"a":{"a":0,"k":[51.5,69,0],"ix":1},"s":{"a":1,"k":[{"i":{"x":[0.833,0.833,0.833],"y":[0.833,0.833,0.833]},"o":{"x":[0.167,0.167,0.167],"y":[0.167,0.167,0.167]},"t":6,"s":[0,0,100],"e":[10,10,100]},{"i":{"x":[0.833,0.833,0.833],"y":[0.833,0.833,0.833]},"o":{"x":[0.167,0.167,0.167],"y":[0.167,0.167,0.167]},"t":7,"s":[10,10,100],"e":[20,20,100]},{"i":{"x":[0.833,0.833,0.833],"y":[0.833,0.833,0.833]},"o":{"x":[0.167,0.167,0.167],"y":[0.167,0.167,0.167]},"t":8,"s":[20,20,100],"e":[30,30,100]},{"i":{"x":[0.833,0.833,0.833],"y":[0.833,0.833,0.833]},"o":{"x":[0.167,0.167,0.167],"y":[0.167,0.167,0.167]},"t":9,"s":[30,30,100],"e":[40,40,100]},{"i":{"x":[0.833,0.833,0.833],"y":[0.833,0.833,0.833]},"o":{"x":[0.167,0.167,0.167],"y":[0.167,0.167,0.167]},"t":10,"s":[40,40,100],"e":[50,50,100]},{"i":{"x":[0.833,0.833,0.833],"y":[0.833,0.833,0.833]},"o":{"x":[0.167,0.167,0.167],"y":[0.167,0.167,0.167]},"t":11,"s":[50,50,100],"e":[60,60,100]},{"i":{"x":[0.833,0.833,0.833],"y":[0.833,0.833,0.833]},"o":{"x":[0.167,0.167,0.167],"y":[0.167,0.167,0.167]},"t":12,"s":[60,60,100],"e":[70,70,100]},{"i":{"x":[0.833,0.833,0.833],"y":[0.833,0.833,0.833]},"o":{"x":[0.167,0.167,0.167],"y":[0.167,0.167,0.167]},"t":13,"s":[70,70,100],"e":[80,80,100]},{"i":{"x":[0.833,0.833,0.833],"y":[0.833,0.833,0.833]},"o":{"x":[0.167,0.167,0.167],"y":[0.167,0.167,0.167]},"t":14,"s":[80,80,100],"e":[90,90,100]},{"i":{"x":[0.833,0.833,0.833],"y":[0.833,0.833,0.833]},"o":{"x":[0.167,0.167,0.167],"y":[0.167,0.167,0.167]},"t":15,"s":[90,90,100],"e":[100,100,100]},{"i":{"x":[0.833,0.833,0.833],"y":[0.833,0.833,0.833]},"o":{"x":[0.167,0.167,0.167],"y":[0.167,0.167,0.167]},"t":16,"s":[100,100,100],"e":[111.118,111.118,100]},{"i":{"x":[0.833,0.833,0.833],"y":[0.833,0.833,0.833]},"o":{"x":[0.167,0.167,0.167],"y":[0.167,0.167,0.167]},"t":17,"s":[111.118,111.118,100],"e":[117.987,117.987,100]},{"i":{"x":[0.833,0.833,0.833],"y":[0.833,0.833,0.833]},"o":{"x":[0.167,0.167,0.167],"y":[0.167,0.167,0.167]},"t":18,"s":[117.987,117.987,100],"e":[119.627,119.627,100]},{"i":{"x":[0.833,0.833,0.833],"y":[0.833,0.833,0.833]},"o":{"x":[0.167,0.167,0.167],"y":[0.167,0.167,0.167]},"t":19,"s":[119.627,119.627,100],"e":[116.426,116.426,100]},{"i":{"x":[0.833,0.833,0.833],"y":[0.833,0.833,0.833]},"o":{"x":[0.167,0.167,0.167],"y":[0.167,0.167,0.167]},"t":20,"s":[116.426,116.426,100],"e":[109.85,109.85,100]},{"i":{"x":[0.833,0.833,0.833],"y":[0.833,0.833,0.833]},"o":{"x":[0.167,0.167,0.167],"y":[0.167,0.167,0.167]},"t":21,"s":[109.85,109.85,100],"e":[101.939,101.939,100]},{"i":{"x":[0.833,0.833,0.833],"y":[0.833,0.833,0.833]},"o":{"x":[0.167,0.167,0.167],"y":[0.167,0.167,0.167]},"t":22,"s":[101.939,101.939,100],"e":[94.743,94.743,100]},{"i":{"x":[0.833,0.833,0.833],"y":[0.833,0.833,0.833]},"o":{"x":[0.167,0.167,0.167],"y":[0.167,0.167,0.167]},"t":23,"s":[94.743,94.743,100],"e":[89.843,89.843,100]},{"i":{"x":[0.833,0.833,0.833],"y":[0.833,0.833,0.833]},"o":{"x":[0.167,0.167,0.167],"y":[0.167,0.167,0.167]},"t":24,"s":[89.843,89.843,100],"e":[88.047,88.047,100]},{"i":{"x":[0.833,0.833,0.833],"y":[0.833,0.833,0.833]},"o":{"x":[0.167,0.167,0.167],"y":[0.167,0.167,0.167]},"t":25,"s":[88.047,88.047,100],"e":[89.317,89.317,100]},{"i":{"x":[0.833,0.833,0.833],"y":[0.833,0.833,0.833]},"o":{"x":[0.167,0.167,0.167],"y":[0.167,0.167,0.167]},"t":26,"s":[89.317,89.317,100],"e":[92.902,92.902,100]},{"i":{"x":[0.833,0.833,0.833],"y":[0.833,0.833,0.833]},"o":{"x":[0.167,0.167,0.167],"y":[0.167,0.167,0.167]},"t":27,"s":[92.902,92.902,100],"e":[97.619,97.619,100]},{"i":{"x":[0.833,0.833,0.833],"y":[0.833,0.833,0.833]},"o":{"x":[0.167,0.167,0.167],"y":[0.167,0.167,0.167]},"t":28,"s":[97.619,97.619,100],"e":[102.198,102.198,100]},{"i":{"x":[0.833,0.833,0.833],"y":[0.833,0.833,0.833]},"o":{"x":[0.167,0.167,0.167],"y":[0.167,0.167,0.167]},"t":29,"s":[102.198,102.198,100],"e":[105.584,105.584,100]},{"i":{"x":[0.833,0.833,0.833],"y":[0.833,0.833,0.833]},"o":{"x":[0.167,0.167,0.167],"y":[0.167,0.167,0.167]},"t":30,"s":[105.584,105.584,100],"e":[107.161,107.161,100]},{"i":{"x":[0.833,0.833,0.833],"y":[0.833,0.833,0.833]},"o":{"x":[0.167,0.167,0.167],"y":[0.167,0.167,0.167]},"t":31,"s":[107.161,107.161,100],"e":[106.828,106.828,100]},{"i":{"x":[0.833,0.833,0.833],"y":[0.833,0.833,0.833]},"o":{"x":[0.167,0.167,0.167],"y":[0.167,0.167,0.167]},"t":32,"s":[106.828,106.828,100],"e":[0,0,100]},{"t":45}],"ix":6}},"ao":0,"ip":0,"op":77,"st":0,"bm":0},{"ddd":0,"ind":3,"ty":2,"nm":"0","refId":"image_2","sr":1,"ks":{"o":{"a":1,"k":[{"i":{"x":[0.833],"y":[0.833]},"o":{"x":[0.167],"y":[0.167]},"t":2,"s":[0],"e":[100]},{"i":{"x":[0.833],"y":[0.833]},"o":{"x":[0.167],"y":[0.167]},"t":12,"s":[100],"e":[100]},{"i":{"x":[0.833],"y":[0.833]},"o":{"x":[0.167],"y":[0.167]},"t":28,"s":[100],"e":[0]},{"t":36}],"ix":11},"r":{"a":0,"k":0,"ix":10},"p":{"a":0,"k":[149,161,0],"ix":2},"a":{"a":0,"k":[59,73,0],"ix":1},"s":{"a":1,"k":[{"i":{"x":[0.833,0.833,0.833],"y":[0.833,0.833,0.833]},"o":{"x":[0.167,0.167,0.167],"y":[0.167,0.167,0.167]},"t":2,"s":[0,0,100],"e":[10,10,100]},{"i":{"x":[0.833,0.833,0.833],"y":[0.833,0.833,0.833]},"o":{"x":[0.167,0.167,0.167],"y":[0.167,0.167,0.167]},"t":3,"s":[10,10,100],"e":[20,20,100]},{"i":{"x":[0.833,0.833,0.833],"y":[0.833,0.833,0.833]},"o":{"x":[0.167,0.167,0.167],"y":[0.167,0.167,0.167]},"t":4,"s":[20,20,100],"e":[30,30,100]},{"i":{"x":[0.833,0.833,0.833],"y":[0.833,0.833,0.833]},"o":{"x":[0.167,0.167,0.167],"y":[0.167,0.167,0.167]},"t":5,"s":[30,30,100],"e":[40,40,100]},{"i":{"x":[0.833,0.833,0.833],"y":[0.833,0.833,0.833]},"o":{"x":[0.167,0.167,0.167],"y":[0.167,0.167,0.167]},"t":6,"s":[40,40,100],"e":[50,50,100]},{"i":{"x":[0.833,0.833,0.833],"y":[0.833,0.833,0.833]},"o":{"x":[0.167,0.167,0.167],"y":[0.167,0.167,0.167]},"t":7,"s":[50,50,100],"e":[60,60,100]},{"i":{"x":[0.833,0.833,0.833],"y":[0.833,0.833,0.833]},"o":{"x":[0.167,0.167,0.167],"y":[0.167,0.167,0.167]},"t":8,"s":[60,60,100],"e":[70,70,100]},{"i":{"x":[0.833,0.833,0.833],"y":[0.833,0.833,0.833]},"o":{"x":[0.167,0.167,0.167],"y":[0.167,0.167,0.167]},"t":9,"s":[70,70,100],"e":[80,80,100]},{"i":{"x":[0.833,0.833,0.833],"y":[0.833,0.833,0.833]},"o":{"x":[0.167,0.167,0.167],"y":[0.167,0.167,0.167]},"t":10,"s":[80,80,100],"e":[90,90,100]},{"i":{"x":[0.833,0.833,0.833],"y":[0.833,0.833,0.833]},"o":{"x":[0.167,0.167,0.167],"y":[0.167,0.167,0.167]},"t":11,"s":[90,90,100],"e":[100,100,100]},{"i":{"x":[0.833,0.833,0.833],"y":[0.833,0.833,0.833]},"o":{"x":[0.167,0.167,0.167],"y":[0.167,0.167,0.167]},"t":12,"s":[100,100,100],"e":[111.118,111.118,100]},{"i":{"x":[0.833,0.833,0.833],"y":[0.833,0.833,0.833]},"o":{"x":[0.167,0.167,0.167],"y":[0.167,0.167,0.167]},"t":13,"s":[111.118,111.118,100],"e":[117.987,117.987,100]},{"i":{"x":[0.833,0.833,0.833],"y":[0.833,0.833,0.833]},"o":{"x":[0.167,0.167,0.167],"y":[0.167,0.167,0.167]},"t":14,"s":[117.987,117.987,100],"e":[119.627,119.627,100]},{"i":{"x":[0.833,0.833,0.833],"y":[0.833,0.833,0.833]},"o":{"x":[0.167,0.167,0.167],"y":[0.167,0.167,0.167]},"t":15,"s":[119.627,119.627,100],"e":[116.426,116.426,100]},{"i":{"x":[0.833,0.833,0.833],"y":[0.833,0.833,0.833]},"o":{"x":[0.167,0.167,0.167],"y":[0.167,0.167,0.167]},"t":16,"s":[116.426,116.426,100],"e":[109.85,109.85,100]},{"i":{"x":[0.833,0.833,0.833],"y":[0.833,0.833,0.833]},"o":{"x":[0.167,0.167,0.167],"y":[0.167,0.167,0.167]},"t":17,"s":[109.85,109.85,100],"e":[101.939,101.939,100]},{"i":{"x":[0.833,0.833,0.833],"y":[0.833,0.833,0.833]},"o":{"x":[0.167,0.167,0.167],"y":[0.167,0.167,0.167]},"t":18,"s":[101.939,101.939,100],"e":[94.743,94.743,100]},{"i":{"x":[0.833,0.833,0.833],"y":[0.833,0.833,0.833]},"o":{"x":[0.167,0.167,0.167],"y":[0.167,0.167,0.167]},"t":19,"s":[94.743,94.743,100],"e":[89.843,89.843,100]},{"i":{"x":[0.833,0.833,0.833],"y":[0.833,0.833,0.833]},"o":{"x":[0.167,0.167,0.167],"y":[0.167,0.167,0.167]},"t":20,"s":[89.843,89.843,100],"e":[88.047,88.047,100]},{"i":{"x":[0.833,0.833,0.833],"y":[0.833,0.833,0.833]},"o":{"x":[0.167,0.167,0.167],"y":[0.167,0.167,0.167]},"t":21,"s":[88.047,88.047,100],"e":[89.317,89.317,100]},{"i":{"x":[0.833,0.833,0.833],"y":[0.833,0.833,0.833]},"o":{"x":[0.167,0.167,0.167],"y":[0.167,0.167,0.167]},"t":22,"s":[89.317,89.317,100],"e":[92.902,92.902,100]},{"i":{"x":[0.833,0.833,0.833],"y":[0.833,0.833,0.833]},"o":{"x":[0.167,0.167,0.167],"y":[0.167,0.167,0.167]},"t":23,"s":[92.902,92.902,100],"e":[97.619,97.619,100]},{"i":{"x":[0.833,0.833,0.833],"y":[0.833,0.833,0.833]},"o":{"x":[0.167,0.167,0.167],"y":[0.167,0.167,0.167]},"t":24,"s":[97.619,97.619,100],"e":[102.198,102.198,100]},{"i":{"x":[0.833,0.833,0.833],"y":[0.833,0.833,0.833]},"o":{"x":[0.167,0.167,0.167],"y":[0.167,0.167,0.167]},"t":25,"s":[102.198,102.198,100],"e":[105.584,105.584,100]},{"i":{"x":[0.833,0.833,0.833],"y":[0.833,0.833,0.833]},"o":{"x":[0.167,0.167,0.167],"y":[0.167,0.167,0.167]},"t":26,"s":[105.584,105.584,100],"e":[107.161,107.161,100]},{"i":{"x":[0.833,0.833,0.833],"y":[0.833,0.833,0.833]},"o":{"x":[0.167,0.167,0.167],"y":[0.167,0.167,0.167]},"t":27,"s":[107.161,107.161,100],"e":[106.828,106.828,100]},{"i":{"x":[0.833,0.833,0.833],"y":[0.833,0.833,0.833]},"o":{"x":[0.167,0.167,0.167],"y":[0.167,0.167,0.167]},"t":28,"s":[106.828,106.828,100],"e":[0,0,100]},{"t":43}],"ix":6}},"ao":0,"ip":0,"op":77,"st":0,"bm":0},{"ddd":0,"ind":4,"ty":2,"nm":"2","refId":"image_3","sr":1,"ks":{"o":{"a":1,"k":[{"i":{"x":[0.833],"y":[0.833]},"o":{"x":[0.167],"y":[0.167]},"t":0,"s":[0],"e":[100]},{"i":{"x":[0.833],"y":[0.833]},"o":{"x":[0.167],"y":[0.167]},"t":10,"s":[100],"e":[100]},{"i":{"x":[0.833],"y":[0.833]},"o":{"x":[0.167],"y":[0.167]},"t":26,"s":[100],"e":[0]},{"t":34}],"ix":11},"r":{"a":0,"k":0,"ix":10},"p":{"a":0,"k":[90,191,0],"ix":2},"a":{"a":0,"k":[51,69,0],"ix":1},"s":{"a":1,"k":[{"i":{"x":[0.833,0.833,0.833],"y":[0.833,0.833,0.833]},"o":{"x":[0.167,0.167,0.167],"y":[0.167,0.167,0.167]},"t":0,"s":[0,0,100],"e":[10,10,100]},{"i":{"x":[0.833,0.833,0.833],"y":[0.833,0.833,0.833]},"o":{"x":[0.167,0.167,0.167],"y":[0.167,0.167,0.167]},"t":1,"s":[10,10,100],"e":[20,20,100]},{"i":{"x":[0.833,0.833,0.833],"y":[0.833,0.833,0.833]},"o":{"x":[0.167,0.167,0.167],"y":[0.167,0.167,0.167]},"t":2,"s":[20,20,100],"e":[30,30,100]},{"i":{"x":[0.833,0.833,0.833],"y":[0.833,0.833,0.833]},"o":{"x":[0.167,0.167,0.167],"y":[0.167,0.167,0.167]},"t":3,"s":[30,30,100],"e":[40,40,100]},{"i":{"x":[0.833,0.833,0.833],"y":[0.833,0.833,0.833]},"o":{"x":[0.167,0.167,0.167],"y":[0.167,0.167,0.167]},"t":4,"s":[40,40,100],"e":[50,50,100]},{"i":{"x":[0.833,0.833,0.833],"y":[0.833,0.833,0.833]},"o":{"x":[0.167,0.167,0.167],"y":[0.167,0.167,0.167]},"t":5,"s":[50,50,100],"e":[60,60,100]},{"i":{"x":[0.833,0.833,0.833],"y":[0.833,0.833,0.833]},"o":{"x":[0.167,0.167,0.167],"y":[0.167,0.167,0.167]},"t":6,"s":[60,60,100],"e":[70,70,100]},{"i":{"x":[0.833,0.833,0.833],"y":[0.833,0.833,0.833]},"o":{"x":[0.167,0.167,0.167],"y":[0.167,0.167,0.167]},"t":7,"s":[70,70,100],"e":[80,80,100]},{"i":{"x":[0.833,0.833,0.833],"y":[0.833,0.833,0.833]},"o":{"x":[0.167,0.167,0.167],"y":[0.167,0.167,0.167]},"t":8,"s":[80,80,100],"e":[90,90,100]},{"i":{"x":[0.833,0.833,0.833],"y":[0.833,0.833,0.833]},"o":{"x":[0.167,0.167,0.167],"y":[0.167,0.167,0.167]},"t":9,"s":[90,90,100],"e":[100,100,100]},{"i":{"x":[0.833,0.833,0.833],"y":[0.833,0.833,0.833]},"o":{"x":[0.167,0.167,0.167],"y":[0.167,0.167,0.167]},"t":10,"s":[100,100,100],"e":[111.118,111.118,100]},{"i":{"x":[0.833,0.833,0.833],"y":[0.833,0.833,0.833]},"o":{"x":[0.167,0.167,0.167],"y":[0.167,0.167,0.167]},"t":11,"s":[111.118,111.118,100],"e":[117.987,117.987,100]},{"i":{"x":[0.833,0.833,0.833],"y":[0.833,0.833,0.833]},"o":{"x":[0.167,0.167,0.167],"y":[0.167,0.167,0.167]},"t":12,"s":[117.987,117.987,100],"e":[119.627,119.627,100]},{"i":{"x":[0.833,0.833,0.833],"y":[0.833,0.833,0.833]},"o":{"x":[0.167,0.167,0.167],"y":[0.167,0.167,0.167]},"t":13,"s":[119.627,119.627,100],"e":[116.426,116.426,100]},{"i":{"x":[0.833,0.833,0.833],"y":[0.833,0.833,0.833]},"o":{"x":[0.167,0.167,0.167],"y":[0.167,0.167,0.167]},"t":14,"s":[116.426,116.426,100],"e":[109.85,109.85,100]},{"i":{"x":[0.833,0.833,0.833],"y":[0.833,0.833,0.833]},"o":{"x":[0.167,0.167,0.167],"y":[0.167,0.167,0.167]},"t":15,"s":[109.85,109.85,100],"e":[101.939,101.939,100]},{"i":{"x":[0.833,0.833,0.833],"y":[0.833,0.833,0.833]},"o":{"x":[0.167,0.167,0.167],"y":[0.167,0.167,0.167]},"t":16,"s":[101.939,101.939,100],"e":[94.743,94.743,100]},{"i":{"x":[0.833,0.833,0.833],"y":[0.833,0.833,0.833]},"o":{"x":[0.167,0.167,0.167],"y":[0.167,0.167,0.167]},"t":17,"s":[94.743,94.743,100],"e":[89.843,89.843,100]},{"i":{"x":[0.833,0.833,0.833],"y":[0.833,0.833,0.833]},"o":{"x":[0.167,0.167,0.167],"y":[0.167,0.167,0.167]},"t":18,"s":[89.843,89.843,100],"e":[88.047,88.047,100]},{"i":{"x":[0.833,0.833,0.833],"y":[0.833,0.833,0.833]},"o":{"x":[0.167,0.167,0.167],"y":[0.167,0.167,0.167]},"t":19,"s":[88.047,88.047,100],"e":[89.317,89.317,100]},{"i":{"x":[0.833,0.833,0.833],"y":[0.833,0.833,0.833]},"o":{"x":[0.167,0.167,0.167],"y":[0.167,0.167,0.167]},"t":20,"s":[89.317,89.317,100],"e":[92.902,92.902,100]},{"i":{"x":[0.833,0.833,0.833],"y":[0.833,0.833,0.833]},"o":{"x":[0.167,0.167,0.167],"y":[0.167,0.167,0.167]},"t":21,"s":[92.902,92.902,100],"e":[97.619,97.619,100]},{"i":{"x":[0.833,0.833,0.833],"y":[0.833,0.833,0.833]},"o":{"x":[0.167,0.167,0.167],"y":[0.167,0.167,0.167]},"t":22,"s":[97.619,97.619,100],"e":[102.198,102.198,100]},{"i":{"x":[0.833,0.833,0.833],"y":[0.833,0.833,0.833]},"o":{"x":[0.167,0.167,0.167],"y":[0.167,0.167,0.167]},"t":23,"s":[102.198,102.198,100],"e":[105.584,105.584,100]},{"i":{"x":[0.833,0.833,0.833],"y":[0.833,0.833,0.833]},"o":{"x":[0.167,0.167,0.167],"y":[0.167,0.167,0.167]},"t":24,"s":[105.584,105.584,100],"e":[107.161,107.161,100]},{"i":{"x":[0.833,0.833,0.833],"y":[0.833,0.833,0.833]},"o":{"x":[0.167,0.167,0.167],"y":[0.167,0.167,0.167]},"t":25,"s":[107.161,107.161,100],"e":[106.828,106.828,100]},{"i":{"x":[0.833,0.833,0.833],"y":[0.833,0.833,0.833]},"o":{"x":[0.167,0.167,0.167],"y":[0.167,0.167,0.167]},"t":26,"s":[106.828,106.828,100],"e":[0,0,100]},{"t":43}],"ix":6}},"ao":0,"ip":0,"op":77,"st":0,"bm":0},{"ddd":0,"ind":5,"ty":0,"nm":"预合成 10","refId":"comp_0","sr":1,"ks":{"o":{"a":0,"k":100,"ix":11},"r":{"a":0,"k":0,"ix":10},"p":{"a":0,"k":[160,180,0],"ix":2},"a":{"a":0,"k":[160,180,0],"ix":1},"s":{"a":0,"k":[100,100,100],"ix":6}},"ao":0,"w":320,"h":360,"ip":0,"op":77,"st":0,"bm":0}],"markers":[{"tm":40,"cm":"1","dr":0}]}